{"status":200,"message":"\u8fd4\u56de\u7ea2\u5305\u6570\u636e","data":{"id":"1","name":"6.2\u62a2\u7ea2\u5305\u8d62\u9762\u819c","is_end":"0","starttime":"1527754200","failtime":"1529126280","faildtime":163632,"uid":0,"urflag":0,"toplog":[{"mobile":"11111111","arid":"1","uid":"80","price":"36.70","createtime":"2018-06-14 10:24"},{"mobile":"1111111","arid":"1","uid":"2","price":"21.48","createtime":"2018-06-14 10:26"},{"mobile":"11111111","arid":"1","uid":"34","price":"27.04","createtime":"2018-06-14 10:53"},{"mobile":"1111111","arid":"1","uid":"15","price":"76.41","createtime":"2018-06-14 11:02"},{"mobile":"111111","arid":"1","uid":"16","price":"84.94","createtime":"2018-06-14 11:04"},{"mobile":"1111111","arid":"1","uid":"1","price":"88.27","createtime":"2018-06-14 11:17"},{"mobile":"111111111","arid":"1","uid":"131","price":"21.75","createtime":"2018-06-14 11:37"}]}}