{
  "status": 1,
  "message": "",
  "data": [
    [
      {
        "ballnum":"第一球",
        "status":1
      },
      {
        "ballnum": "第一球",
        "status": 0
      },
      {
        "ballnum": "第一球",
        "status": 0
      },
      {
        "ballnum": "第一球",
        "status": 0
      },
      {
        "ballnum": "第一球",
        "status": 0
      }
    ],
    {
      "content": [
        {
          "label": "大",
          "type": [
            "连续遗漏",
            "出现次数"
          ]
        },
        {
          "label": "小",
          "type": [
            "连续遗漏",
            "出现次数"
          ]
        },
        {
          "label": "单",
          "type": [
            "连续遗漏",
            "出现次数"
          ]
        },
        {
          "label": "双",
          "type": [
            "连续遗漏",
            "出现次数"
          ]
        },
        {
          "label": "龙",
          "type": [
            "连续遗漏",
            "出现次数"
          ]
        }
      ]
    },
    [
      [
        1,
        2,
        3,
        4,
        5,
        6,
        7,
        8,
        9,
        10
      ],
      [
        1,
        2,
        3,
        4,
        5,
        6,
        7,
        8,
        9,
        10
      ],
      [
        1,
        2,
        3,
        4,
        5,
        6,
        7,
        8,
        9,
        10
      ],
      [
        1,
        2,
        3,
        4,
        5,
        6,
        7,
        8,
        9,
        10
      ],
      [
        1,
        2,
        3,
        4,
        5,
        6,
        7,
        8,
        9,
        10
      ]
    ]
  ]
}