{
    "status": 1,
    "message": "",
    "data": {
        "trendList": [
            {
                "title": "第一球",
                "data": [
                    {
                        "periods": "055",
                        "number": "7"
                    },
                    {
                        "periods": "054",
                        "number": "6"
                    },
                    {
                        "periods": "053",
                        "number": "5"
                    },
                    {
                        "periods": "052",
                        "number": "5"
                    },
                    {
                        "periods": "051",
                        "number": "2"
                    },
                    {
                        "periods": "050",
                        "number": "8"
                    },
                    {
                        "periods": "049",
                        "number": "0"
                    },
                    {
                        "periods": "048",
                        "number": "7"
                    },
                    {
                        "periods": "047",
                        "number": "9"
                    },
                    {
                        "periods": "046",
                        "number": "8"
                    }
                ],
                "status": 1
            },
            {
                "title": "第二球",
                "data": [
                    {
                        "periods": "055",
                        "number": "7"
                    },
                    {
                        "periods": "054",
                        "number": "2"
                    },
                    {
                        "periods": "053",
                        "number": "4"
                    },
                    {
                        "periods": "052",
                        "number": "6"
                    },
                    {
                        "periods": "051",
                        "number": "2"
                    },
                    {
                        "periods": "050",
                        "number": "1"
                    },
                    {
                        "periods": "049",
                        "number": "7"
                    },
                    {
                        "periods": "048",
                        "number": "0"
                    },
                    {
                        "periods": "047",
                        "number": "4"
                    },
                    {
                        "periods": "046",
                        "number": "8"
                    },
                    {
                        "periods": "045",
                        "number": "9"
                    },
                    {
                        "periods": "044",
                        "number": "8"
                    },
                    {
                        "periods": "043",
                        "number": "9"
                    },
                    {
                        "periods": "042",
                        "number": "4"
                    },
                    {
                        "periods": "041",
                        "number": "3"
                    }
                ],
                "status": 0
            },
            {
                "title": "第四球",
                "data": [
                    {
                        "periods": "055",
                        "number": "7"
                    },
                    {
                        "periods": "054",
                        "number": "8"
                    },
                    {
                        "periods": "053",
                        "number": "4"
                    },
                    {
                        "periods": "052",
                        "number": "2"
                    },
                    {
                        "periods": "051",
                        "number": "9"
                    }
                ],
                "status": 0
            },
            {
                "title": "第五球",
                "data": [
                    {
                        "periods": "055",
                        "number": "4"
                    },
                    {
                        "periods": "054",
                        "number": "0"
                    },
                    {
                        "periods": "053",
                        "number": "9"
                    },
                    {
                        "periods": "052",
                        "number": "1"
                    },
                    {
                        "periods": "051",
                        "number": "6"
                    },
                    {
                        "periods": "050",
                        "number": "1"
                    },
                    {
                        "periods": "049",
                        "number": "4"
                    },
                    {
                        "periods": "048",
                        "number": "4"
                    },
                    {
                        "periods": "047",
                        "number": "9"
                    },
                    {
                        "periods": "046",
                        "number": "5"
                    }
                ],
                "status": 0
            }
        ]
    }
}