{
  "status": 1,
  "message": "",
  "data": [
    {
      "title": "号码",
      "content": [
        {
          "label": "第一球",
          "type": [
            "总开",
            "未开"
          ]
        },
        {
          "label": "第二球",
          "type": [
            "总开",
            "未开"
          ]
        },
        {
          "label": "第三球",
          "type": [
            "总开",
            "未开"
          ]
        },
        {
          "label": "第四球",
          "type": [
            "总开",
            "未开"
          ]
        },
        {
          "label": "第五球",
          "type": [
            "总开",
            "未开"
          ]
        }
      ]
    },
    [
      [
        1,
        2,
        3,
        4,
        5,
        6,
        7,
        8,
        9,
        10,
        11
      ],
      [
        1,
        2,
        3,
        4,
        5,
        6,
        7,
        8,
        9,
        10,
        11
      ],
      [
        1,
        2,
        3,
        4,
        5,
        6,
        7,
        8,
        9,
        10,
        11
      ],
      [
        1,
        2,
        3,
        4,
        5,
        6,
        7,
        8,
        9,
        10,
        11
      ],
      [
        1,
        2,
        3,
        4,
        5,
        6,
        7,
        8,
        9,
        10,
        11
      ]
    ]
  ]
}