{
  "status": 1,
  "message": "",
  "data": [
    {
      "title": "北京赛车",
      "detail":"转发有壕礼！皇家中奖神器中奖中奖",
      "status": 0
    },
    {
      "title": "重庆时时彩",
      "detail": "转发有壕礼！皇家中奖神器中奖中奖",
      "status": 0
    },
    {
      "title": "北京赛车PK10",
      "detail": "转发有壕礼！皇家中奖神器中奖中奖",
      "status": 0
    },
    {
      "title": "广东快乐十分",
      "detail": "转发有壕礼！皇家中奖神器中奖中奖",
      "status": 0
    }
  ]
}