{
  "status": 1,
  "message": "",
  "data": [
    {
      "title": "腾讯分分彩",
      "content": [
        {
          "text":"准确率",
          "num":"80%"
        },
        {
          "text": "一个计划",
          "num": "3期"
        },
        {
          "text": "累计命中数量",
          "num": "225"
        },
        {
          "text": "累计赢率",
          "num": "78%"
        }
      ],
      "status": 1
    },
    {
      "title": "重庆时时彩",
      "content": [
        {
          "text": "准确率",
          "num": "1"
        },
        {
          "text": "一个计划",
          "num": "2"
        },
        {
          "text": "累计命中数量",
          "num": "3"
        },
        {
          "text": "累计赢率",
          "num": "4"
        }
      ],
      "status": 0
    },
    {
      "title": "加拿大28",
      "content": [
        {
          "text": "准确率",
          "num": "5"
        },
        {
          "text": "一个计划",
          "num": "6"
        },
        {
          "text": "累计命中数量",
          "num": "7"
        },
        {
          "text": "累计赢率",
          "num": "8"
        }
      ],
      "status": 0
    },
    {
      "title": "11选5",
      "content": [
        {
          "text": "准确率",
          "num": "9%"
        },
        {
          "text": "一个计划",
          "num": "10"
        },
        {
          "text": "累计命中数量",
          "num": "11"
        },
        {
          "text": "累计赢率",
          "num": "12"
        }
      ],
      "status": 0
    },
    {
      "title": "北京5分彩",
      "content": [
        {
          "text": "准确率",
          "num": "22"
        },
        {
          "text": "一个计划",
          "num": "33"
        },
        {
          "text": "累计命中数量",
          "num": "44"
        },
        {
          "text": "累计赢率",
          "num": "55"
        }
      ],
      "status": 0
    }
  ]
}