{
  "status": 1,
  "message": "",
  "data": [
    {
      "id": 1,
      "title": "“懒人”有懒福中双色球615万 遗憾失千万1-1",
      "time": "05-24",
      "status": 1
    },
    {
      "id": 1,
      "title": "“懒人”有懒福中双色球615万 遗憾失千万1-2",
      "time": "05-24",
      "status": 0
    },
    {
      "id": 1,
      "title": "“懒人”有懒福中双色球615万 遗憾失千万1-3",
      "time": "05-24",
      "status": 0
    },
    {
      "id": 1,
      "title": "“懒人”有懒福中双色球615万 遗憾失千万1-4",
      "time": "05-24",
      "status": 0
    },
    {
      "id": 1,
      "title": "“懒人”有懒福中双色球615万 遗憾失千万1-5",
      "time": "05-24",
      "status": 0
    },
    {
      "id": 1,
      "title": "“懒人”有懒福中双色球615万 遗憾失千万2-1",
      "time": "05-24",
      "status": 0
    },
    {
      "id": 1,
      "title": "“懒人”有懒福中双色球615万 遗憾失千万2-2",
      "time": "05-24",
      "status": 0
    }
  ]
}