{
  "status": 1,
  "message": "登录成功",
  "time": "1525660351",
  "data": [
    {
      "periods": "期数",
      "time": "时间",
      "opration": [
        {
          "text":"显示号码",
          "status":1
        },
        {
          "text": "显示大小",
          "status": 0
        },
        {
          "text": "显示单双",
          "status": 0
        }
      ],
      "total": "总和",
      "longhu": "1-5龙虎"
    },
    [
      {
        "periods": "2018-04-10 17:00:58",
        "time": "20180410065",
        "opration": [
          [
            0,
            1,
            3,
            2,
            4
          ],
          [
            "大",
            "小",
            "大",
            "小",
            "小"
          ],
          [
            "单",
            "单",
            "单",
            "双",
            "单"
          ]
        ],
        "total": [
          16,"大","单"
        ],
        "longhu": "虎"
      },
      {
        "periods": "2018-04-10 17:00:58",
        "time": "20180410065",
        "opration": [
          [
            3,
            9,
            3,
            2,
            8
          ],
          [
            "大",
            "小",
            "大",
            "小",
            "大"
          ],
          [
            "单",
            "双",
            "双",
            "双",
            "单"
          ]
        ],
        "total": [
          16,
          "大",
          "单"
        ],
        "longhu": "虎"
      }
    ]
  ]
}