{
  "status": 1,
  "message": "",
  "data": [
    {
      "id":1,
      "tabs": "重要公告",
      "details": [
        {
          "id":1,
          "title": "“懒人”有懒福中双色球615万 遗憾失千万1-1",
          "origin": "山东熊猫彩票",
          "count": 84,
          "time": "2014-05-24 11:24:00",
          "content": "19日，株洲的张先生起了个大早，因为这天他有“大事”要办，所谓“大事”就是来省福彩中心领取他的615万大奖。<br/>张先生跟福彩结缘两年多，他调侃自己是一个“懒人”，平常购买双色球也懒得选号，机选成了他的不二选择，每期买个10元钱，既娱乐了一把又不伤自己的钱包。张先生买彩一直都有个习惯，就是每次机选三注号码，且按照“221”的倍数来进行投注，可惜的是这次的彩票打成了“212”，而那个一倍的刚好是这次的一等奖号码。张先生心态超好，面对大奖表现出的淡定实在跟他的年龄不符，一颗平常心表露无遗。张先生是80后，可能由于经商的缘故，显示出超乎年龄的成熟。他表示，中得大奖是自己的运气，能中就好，不中也乐，现在要做的就是把今后的日子过好。<br/>知道自己中了双色球054期一等奖是在开奖后的第一天，张先生上网时顺便对了下彩票，才发现“中奖号码好像跟自己彩票上的一样！”在省福彩中心心理干预办公室里，张先生跟工作人员聊得很开心，他表示会好好地规划一下这笔奖金，在不影响生活的情况下做点投资，做做慈善，同时继续买买彩票。(作者：钟琪)"
        },
        {
          "id":2,
          "title": "“懒人”有懒福中双色球615万 遗憾失千万1-2",
          "origin": "山东熊猫彩票",
          "count": 84,
          "time": "2014-05-24 11:24:00",
          "content": "19日，株洲的张先生起了个大早，因为这天他有“大事”要办，所谓“大事”就是来省福彩中心领取他的615万大奖。<br/>张先生跟福彩结缘两年多，他调侃自己是一个“懒人”，平常购买双色球也懒得选号，机选成了他的不二选择，每期买个10元钱，既娱乐了一把又不伤自己的钱包。张先生买彩一直都有个习惯，就是每次机选三注号码，且按照“221”的倍数来进行投注，可惜的是这次的彩票打成了“212”，而那个一倍的刚好是这次的一等奖号码。张先生心态超好，面对大奖表现出的淡定实在跟他的年龄不符，一颗平常心表露无遗。张先生是80后，可能由于经商的缘故，显示出超乎年龄的成熟。他表示，中得大奖是自己的运气，能中就好，不中也乐，现在要做的就是把今后的日子过好。<br/>知道自己中了双色球054期一等奖是在开奖后的第一天，张先生上网时顺便对了下彩票，才发现“中奖号码好像跟自己彩票上的一样！”在省福彩中心心理干预办公室里，张先生跟工作人员聊得很开心，他表示会好好地规划一下这笔奖金，在不影响生活的情况下做点投资，做做慈善，同时继续买买彩票。(作者：钟琪)"
        },
        {
          "id":3,
          "title": "“懒人”有懒福中双色球615万 遗憾失千万1-3",
          "origin": "山东熊猫彩票",
          "count": 84,
          "time": "2014-05-24 11:24:00",
          "content": "19日，株洲的张先生起了个大早，因为这天他有“大事”要办，所谓“大事”就是来省福彩中心领取他的615万大奖。<br/>张先生跟福彩结缘两年多，他调侃自己是一个“懒人”，平常购买双色球也懒得选号，机选成了他的不二选择，每期买个10元钱，既娱乐了一把又不伤自己的钱包。张先生买彩一直都有个习惯，就是每次机选三注号码，且按照“221”的倍数来进行投注，可惜的是这次的彩票打成了“212”，而那个一倍的刚好是这次的一等奖号码。张先生心态超好，面对大奖表现出的淡定实在跟他的年龄不符，一颗平常心表露无遗。张先生是80后，可能由于经商的缘故，显示出超乎年龄的成熟。他表示，中得大奖是自己的运气，能中就好，不中也乐，现在要做的就是把今后的日子过好。<br/>知道自己中了双色球054期一等奖是在开奖后的第一天，张先生上网时顺便对了下彩票，才发现“中奖号码好像跟自己彩票上的一样！”在省福彩中心心理干预办公室里，张先生跟工作人员聊得很开心，他表示会好好地规划一下这笔奖金，在不影响生活的情况下做点投资，做做慈善，同时继续买买彩票。(作者：钟琪)"
        },
        {
          "id":4,
          "title": "“懒人”有懒福中双色球615万 遗憾失千万1-4",
          "origin": "山东熊猫彩票",
          "count": 84,
          "time": "2014-05-24 11:24:00",
          "content": "19日，株洲的张先生起了个大早，因为这天他有“大事”要办，所谓“大事”就是来省福彩中心领取他的615万大奖。<br/>张先生跟福彩结缘两年多，他调侃自己是一个“懒人”，平常购买双色球也懒得选号，机选成了他的不二选择，每期买个10元钱，既娱乐了一把又不伤自己的钱包。张先生买彩一直都有个习惯，就是每次机选三注号码，且按照“221”的倍数来进行投注，可惜的是这次的彩票打成了“212”，而那个一倍的刚好是这次的一等奖号码。张先生心态超好，面对大奖表现出的淡定实在跟他的年龄不符，一颗平常心表露无遗。张先生是80后，可能由于经商的缘故，显示出超乎年龄的成熟。他表示，中得大奖是自己的运气，能中就好，不中也乐，现在要做的就是把今后的日子过好。<br/>知道自己中了双色球054期一等奖是在开奖后的第一天，张先生上网时顺便对了下彩票，才发现“中奖号码好像跟自己彩票上的一样！”在省福彩中心心理干预办公室里，张先生跟工作人员聊得很开心，他表示会好好地规划一下这笔奖金，在不影响生活的情况下做点投资，做做慈善，同时继续买买彩票。(作者：钟琪)"
        },
        {
          "id":5,
          "title": "“懒人”有懒福中双色球615万 遗憾失千万1-5",
          "origin": "山东熊猫彩票",
          "count": 84,
          "time": "2014-05-24 11:24:00",
          "content": "19日，株洲的张先生起了个大早，因为这天他有“大事”要办，所谓“大事”就是来省福彩中心领取他的615万大奖。<br/>张先生跟福彩结缘两年多，他调侃自己是一个“懒人”，平常购买双色球也懒得选号，机选成了他的不二选择，每期买个10元钱，既娱乐了一把又不伤自己的钱包。张先生买彩一直都有个习惯，就是每次机选三注号码，且按照“221”的倍数来进行投注，可惜的是这次的彩票打成了“212”，而那个一倍的刚好是这次的一等奖号码。张先生心态超好，面对大奖表现出的淡定实在跟他的年龄不符，一颗平常心表露无遗。张先生是80后，可能由于经商的缘故，显示出超乎年龄的成熟。他表示，中得大奖是自己的运气，能中就好，不中也乐，现在要做的就是把今后的日子过好。<br/>知道自己中了双色球054期一等奖是在开奖后的第一天，张先生上网时顺便对了下彩票，才发现“中奖号码好像跟自己彩票上的一样！”在省福彩中心心理干预办公室里，张先生跟工作人员聊得很开心，他表示会好好地规划一下这笔奖金，在不影响生活的情况下做点投资，做做慈善，同时继续买买彩票。(作者：钟琪)"
        }
      ],
      "status": 1
    },
    {
      "tabs": "彩票资讯",
      "id":2,
      "details": [
        {
          "title": "“懒人”有懒福中双色球615万 遗憾失千万2-1",
          "origin": "山东熊猫彩票222",
          "count": 33,
          "time": "2014-05-24 11:24:22",
          "content": "20日，株洲的张先生起了个大早，因为这天他有“大事”要办，所谓“大事”就是来省福彩中心领取他的615万大奖。<br/>张先生跟福彩结缘两年多，他调侃自己是一个“懒人”，平常购买双色球也懒得选号，机选成了他的不二选择，每期买个10元钱，既娱乐了一把又不伤自己的钱包。张先生买彩一直都有个习惯，就是每次机选三注号码，且按照“221”的倍数来进行投注，可惜的是这次的彩票打成了“212”，而那个一倍的刚好是这次的一等奖号码。张先生心态超好，面对大奖表现出的淡定实在跟他的年龄不符，一颗平常心表露无遗。张先生是80后，可能由于经商的缘故，显示出超乎年龄的成熟。他表示，中得大奖是自己的运气，能中就好，不中也乐，现在要做的就是把今后的日子过好。<br/>知道自己中了双色球054期一等奖是在开奖后的第一天，张先生上网时顺便对了下彩票，才发现“中奖号码好像跟自己彩票上的一样！”在省福彩中心心理干预办公室里，张先生跟工作人员聊得很开心，他表示会好好地规划一下这笔奖金，在不影响生活的情况下做点投资，做做慈善，同时继续买买彩票。(作者：钟琪)"
        },
        {
          "title": "“懒人”有懒福中双色球615万 遗憾失千万2-2",
          "origin": "山东熊猫彩票222",
          "count": 33,
          "time": "2014-05-24 11:24:22",
          "content": "20日，株洲的张先生起了个大早，因为这天他有“大事”要办，所谓“大事”就是来省福彩中心领取他的615万大奖。<br/>张先生跟福彩结缘两年多，他调侃自己是一个“懒人”，平常购买双色球也懒得选号，机选成了他的不二选择，每期买个10元钱，既娱乐了一把又不伤自己的钱包。张先生买彩一直都有个习惯，就是每次机选三注号码，且按照“221”的倍数来进行投注，可惜的是这次的彩票打成了“212”，而那个一倍的刚好是这次的一等奖号码。张先生心态超好，面对大奖表现出的淡定实在跟他的年龄不符，一颗平常心表露无遗。张先生是80后，可能由于经商的缘故，显示出超乎年龄的成熟。他表示，中得大奖是自己的运气，能中就好，不中也乐，现在要做的就是把今后的日子过好。<br/>知道自己中了双色球054期一等奖是在开奖后的第一天，张先生上网时顺便对了下彩票，才发现“中奖号码好像跟自己彩票上的一样！”在省福彩中心心理干预办公室里，张先生跟工作人员聊得很开心，他表示会好好地规划一下这笔奖金，在不影响生活的情况下做点投资，做做慈善，同时继续买买彩票。(作者：钟琪)"
        },
        {
          "title": "“懒人”有懒福中双色球615万 遗憾失千万2-3",
          "origin": "山东熊猫彩票222",
          "count": 33,
          "time": "2014-05-24 11:24:22",
          "content": "20日，株洲的张先生起了个大早，因为这天他有“大事”要办，所谓“大事”就是来省福彩中心领取他的615万大奖。<br/>张先生跟福彩结缘两年多，他调侃自己是一个“懒人”，平常购买双色球也懒得选号，机选成了他的不二选择，每期买个10元钱，既娱乐了一把又不伤自己的钱包。张先生买彩一直都有个习惯，就是每次机选三注号码，且按照“221”的倍数来进行投注，可惜的是这次的彩票打成了“212”，而那个一倍的刚好是这次的一等奖号码。张先生心态超好，面对大奖表现出的淡定实在跟他的年龄不符，一颗平常心表露无遗。张先生是80后，可能由于经商的缘故，显示出超乎年龄的成熟。他表示，中得大奖是自己的运气，能中就好，不中也乐，现在要做的就是把今后的日子过好。<br/>知道自己中了双色球054期一等奖是在开奖后的第一天，张先生上网时顺便对了下彩票，才发现“中奖号码好像跟自己彩票上的一样！”在省福彩中心心理干预办公室里，张先生跟工作人员聊得很开心，他表示会好好地规划一下这笔奖金，在不影响生活的情况下做点投资，做做慈善，同时继续买买彩票。(作者：钟琪)"
        }
      ],
      "status": 0
    },
    {
      "tabs": "玩彩技巧",
      "id": 3,
      "details": [
        {
          "title": "“懒人”有懒福中双色球615万 遗憾失千万2-1",
          "origin": "山东熊猫彩票222",
          "count": 33,
          "time": "2014-05-24 11:24:22",
          "content": "20日，株洲的张先生起了个大早，因为这天他有“大事”要办，所谓“大事”就是来省福彩中心领取他的615万大奖。<br/>张先生跟福彩结缘两年多，他调侃自己是一个“懒人”，平常购买双色球也懒得选号，机选成了他的不二选择，每期买个10元钱，既娱乐了一把又不伤自己的钱包。张先生买彩一直都有个习惯，就是每次机选三注号码，且按照“221”的倍数来进行投注，可惜的是这次的彩票打成了“212”，而那个一倍的刚好是这次的一等奖号码。张先生心态超好，面对大奖表现出的淡定实在跟他的年龄不符，一颗平常心表露无遗。张先生是80后，可能由于经商的缘故，显示出超乎年龄的成熟。他表示，中得大奖是自己的运气，能中就好，不中也乐，现在要做的就是把今后的日子过好。<br/>知道自己中了双色球054期一等奖是在开奖后的第一天，张先生上网时顺便对了下彩票，才发现“中奖号码好像跟自己彩票上的一样！”在省福彩中心心理干预办公室里，张先生跟工作人员聊得很开心，他表示会好好地规划一下这笔奖金，在不影响生活的情况下做点投资，做做慈善，同时继续买买彩票。(作者：钟琪)"
        },
        {
          "title": "“懒人”有懒福中双色球615万 遗憾失千万2-2",
          "origin": "山东熊猫彩票222",
          "count": 33,
          "time": "2014-05-24 11:24:22",
          "content": "20日，株洲的张先生起了个大早，因为这天他有“大事”要办，所谓“大事”就是来省福彩中心领取他的615万大奖。<br/>张先生跟福彩结缘两年多，他调侃自己是一个“懒人”，平常购买双色球也懒得选号，机选成了他的不二选择，每期买个10元钱，既娱乐了一把又不伤自己的钱包。张先生买彩一直都有个习惯，就是每次机选三注号码，且按照“221”的倍数来进行投注，可惜的是这次的彩票打成了“212”，而那个一倍的刚好是这次的一等奖号码。张先生心态超好，面对大奖表现出的淡定实在跟他的年龄不符，一颗平常心表露无遗。张先生是80后，可能由于经商的缘故，显示出超乎年龄的成熟。他表示，中得大奖是自己的运气，能中就好，不中也乐，现在要做的就是把今后的日子过好。<br/>知道自己中了双色球054期一等奖是在开奖后的第一天，张先生上网时顺便对了下彩票，才发现“中奖号码好像跟自己彩票上的一样！”在省福彩中心心理干预办公室里，张先生跟工作人员聊得很开心，他表示会好好地规划一下这笔奖金，在不影响生活的情况下做点投资，做做慈善，同时继续买买彩票。(作者：钟琪)"
        },
        {
          "title": "“懒人”有懒福中双色球615万 遗憾失千万2-3",
          "origin": "山东熊猫彩票222",
          "count": 33,
          "time": "2014-05-24 11:24:22",
          "content": "20日，株洲的张先生起了个大早，因为这天他有“大事”要办，所谓“大事”就是来省福彩中心领取他的615万大奖。<br/>张先生跟福彩结缘两年多，他调侃自己是一个“懒人”，平常购买双色球也懒得选号，机选成了他的不二选择，每期买个10元钱，既娱乐了一把又不伤自己的钱包。张先生买彩一直都有个习惯，就是每次机选三注号码，且按照“221”的倍数来进行投注，可惜的是这次的彩票打成了“212”，而那个一倍的刚好是这次的一等奖号码。张先生心态超好，面对大奖表现出的淡定实在跟他的年龄不符，一颗平常心表露无遗。张先生是80后，可能由于经商的缘故，显示出超乎年龄的成熟。他表示，中得大奖是自己的运气，能中就好，不中也乐，现在要做的就是把今后的日子过好。<br/>知道自己中了双色球054期一等奖是在开奖后的第一天，张先生上网时顺便对了下彩票，才发现“中奖号码好像跟自己彩票上的一样！”在省福彩中心心理干预办公室里，张先生跟工作人员聊得很开心，他表示会好好地规划一下这笔奖金，在不影响生活的情况下做点投资，做做慈善，同时继续买买彩票。(作者：钟琪)"
        }
      ],
      "status": 0
    }
  ]
}